Macrorregião,CRS,Região Saúde,Município
Centro-Oeste,4ª - Santa Maria,Região 01 - Verdes Campos,Agudo
Centro-Oeste,4ª - Santa Maria,Região 01 - Verdes Campos,Dilermando de Aguiar
Centro-Oeste,4ª - Santa Maria,Região 01 - Verdes Campos,Dona Francisca
Centro-Oeste,4ª - Santa Maria,Região 01 - Verdes Campos,Faxinal do Soturno
Centro-Oeste,4ª - Santa Maria,Região 01 - Verdes Campos,Formigueiro
Centro-Oeste,4ª - Santa Maria,Região 01 - Verdes Campos,Itaara
Centro-Oeste,4ª - Santa Maria,Região 01 - Verdes Campos,Ivorá
Centro-Oeste,4ª - Santa Maria,Região 01 - Verdes Campos,Júlio de Castilhos
Centro-Oeste,4ª - Santa Maria,Região 01 - Verdes Campos,Nova Palma
Centro-Oeste,4ª - Santa Maria,Região 01 - Verdes Campos,Paraíso do Sul
Centro-Oeste,4ª - Santa Maria,Região 01 - Verdes Campos,Pinhal Grande
Centro-Oeste,4ª - Santa Maria,Região 01 - Verdes Campos,Quevedos
Centro-Oeste,4ª - Santa Maria,Região 01 - Verdes Campos,Restinga Seca
Centro-Oeste,4ª - Santa Maria,Região 01 - Verdes Campos,Santa Maria
Centro-Oeste,4ª - Santa Maria,Região 01 - Verdes Campos,São João do Polêsine
Centro-Oeste,4ª - Santa Maria,Região 01 - Verdes Campos,São Martinho da Serra
Centro-Oeste,4ª - Santa Maria,Região 01 - Verdes Campos,São Pedro do Sul
Centro-Oeste,4ª - Santa Maria,Região 01 - Verdes Campos,São Sepé
Centro-Oeste,4ª - Santa Maria,Região 01 - Verdes Campos,Silveira Martins
Centro-Oeste,4ª - Santa Maria,Região 01 - Verdes Campos,Toropi
Centro-Oeste,4ª - Santa Maria,Região 01 - Verdes Campos,Tupanciretã
Centro-Oeste,4ª - Santa Maria,Região 01 - Verdes Campos,Vila Nova do Sul
Centro-Oeste,4ª - Santa Maria,Região 02 - Entre Rios,Cacequi
Centro-Oeste,4ª - Santa Maria,Região 02 - Entre Rios,Capão do Cipó
Centro-Oeste,4ª - Santa Maria,Região 02 - Entre Rios,Itacurubi
Centro-Oeste,4ª - Santa Maria,Região 02 - Entre Rios,Jaguari
Centro-Oeste,4ª - Santa Maria,Região 02 - Entre Rios,Jari
Centro-Oeste,4ª - Santa Maria,Região 02 - Entre Rios,Mata
Centro-Oeste,4ª - Santa Maria,Região 02 - Entre Rios,Nova Esperança do Sul
Centro-Oeste,4ª - Santa Maria,Região 02 - Entre Rios,Santiago
Centro-Oeste,4ª - Santa Maria,Região 02 - Entre Rios,São Francisco de Assis
Centro-Oeste,4ª - Santa Maria,Região 02 - Entre Rios,São Vicente do Sul
Centro-Oeste,4ª - Santa Maria,Região 02 - Entre Rios,Unistalda
Centro-Oeste,10ª - Alegrete,Região 03 - Fronteira Oeste,Alegrete
Centro-Oeste,10ª - Alegrete,Região 03 - Fronteira Oeste,Barra do Quaraí
Centro-Oeste,10ª - Alegrete,Região 03 - Fronteira Oeste,Itaqui
Centro-Oeste,10ª - Alegrete,Região 03 - Fronteira Oeste,Maçambará
Centro-Oeste,10ª - Alegrete,Região 03 - Fronteira Oeste,Manoel Viana
Centro-Oeste,10ª - Alegrete,Região 03 - Fronteira Oeste,Quaraí
Centro-Oeste,10ª - Alegrete,Região 03 - Fronteira Oeste,Rosário do Sul
Centro-Oeste,10ª - Alegrete,Região 03 - Fronteira Oeste,Santa Margarida do Sul
Centro-Oeste,10ª - Alegrete,Região 03 - Fronteira Oeste,Santana do Livramento
Centro-Oeste,10ª - Alegrete,Região 03 - Fronteira Oeste,São Gabriel
Centro-Oeste,10ª - Alegrete,Região 03 - Fronteira Oeste,Uruguaiana
Metropolitana,18ª - Osório,Região 04 - Belas Praias,Arroio do Sal
Metropolitana,18ª - Osório,Região 04 - Belas Praias,Capão da Canoa
Metropolitana,18ª - Osório,Região 04 - Belas Praias,Dom Pedro de Alcântara
Metropolitana,18ª - Osório,Região 04 - Belas Praias,Itati
Metropolitana,18ª - Osório,Região 04 - Belas Praias,Mampituba
Metropolitana,18ª - Osório,Região 04 - Belas Praias,Maquiné
Metropolitana,18ª - Osório,Região 04 - Belas Praias,Morrinhos do Sul
Metropolitana,18ª - Osório,Região 04 - Belas Praias,Terra de Areia
Metropolitana,18ª - Osório,Região 04 - Belas Praias,Torres
Metropolitana,18ª - Osório,Região 04 - Belas Praias,Três Cachoeiras
Metropolitana,18ª - Osório,Região 04 - Belas Praias,Três Forquilhas
Metropolitana,18ª - Osório,Região 04 - Belas Praias,Xangri-lá
Metropolitana,18ª - Osório,Região 05 - Bons Ventos,Balneário Pinhal
Metropolitana,18ª - Osório,Região 05 - Bons Ventos,Capivari do Sul
Metropolitana,18ª - Osório,Região 05 - Bons Ventos,Caraá
Metropolitana,18ª - Osório,Região 05 - Bons Ventos,Cidreira
Metropolitana,18ª - Osório,Região 05 - Bons Ventos,Imbé
Metropolitana,18ª - Osório,Região 05 - Bons Ventos,Mostardas
Metropolitana,18ª - Osório,Região 05 - Bons Ventos,Osório
Metropolitana,18ª - Osório,Região 05 - Bons Ventos,Palmares do Sul
Metropolitana,18ª - Osório,Região 05 - Bons Ventos,Santo Antônio da Patrulha
Metropolitana,18ª - Osório,Região 05 - Bons Ventos,Tavares
Metropolitana,18ª - Osório,Região 05 - Bons Ventos,Tramandaí
Metropolitana,1ª - Porto Alegre,Região 06 - Vale do Paranhana e Costa Serra,Cambará do Sul
Metropolitana,1ª - Porto Alegre,Região 06 - Vale do Paranhana e Costa Serra,Igrejinha
Metropolitana,1ª - Porto Alegre,Região 06 - Vale do Paranhana e Costa Serra,Parobé
Metropolitana,1ª - Porto Alegre,Região 06 - Vale do Paranhana e Costa Serra,Riozinho
Metropolitana,1ª - Porto Alegre,Região 06 - Vale do Paranhana e Costa Serra,Rolante
Metropolitana,1ª - Porto Alegre,Região 06 - Vale do Paranhana e Costa Serra,São Francisco de Paula
Metropolitana,1ª - Porto Alegre,Região 06 - Vale do Paranhana e Costa Serra,Taquara
Metropolitana,1ª - Porto Alegre,Região 06 - Vale do Paranhana e Costa Serra,Três Coroas
Metropolitana,1ª - Porto Alegre,Região 07 - Vale dos Sinos,Araricá
Metropolitana,1ª - Porto Alegre,Região 07 - Vale dos Sinos,Campo Bom
Metropolitana,1ª - Porto Alegre,Região 07 - Vale dos Sinos,Dois Irmãos
Metropolitana,1ª - Porto Alegre,Região 07 - Vale dos Sinos,Estância Velha
Metropolitana,1ª - Porto Alegre,Região 07 - Vale dos Sinos,Ivoti
Metropolitana,1ª - Porto Alegre,Região 07 - Vale dos Sinos,Lindolfo Collor
Metropolitana,1ª - Porto Alegre,Região 07 - Vale dos Sinos,Morro Reuter
Metropolitana,1ª - Porto Alegre,Região 07 - Vale dos Sinos,Nova Hartz
Metropolitana,1ª - Porto Alegre,Região 07 - Vale dos Sinos,Novo Hamburgo
Metropolitana,1ª - Porto Alegre,Região 07 - Vale dos Sinos,Portão
Metropolitana,1ª - Porto Alegre,Região 07 - Vale dos Sinos,Presidente Lucena
Metropolitana,1ª - Porto Alegre,Região 07 - Vale dos Sinos,Santa Maria do Herval
Metropolitana,1ª - Porto Alegre,Região 07 - Vale dos Sinos,São José do Hortêncio
Metropolitana,1ª - Porto Alegre,Região 07 - Vale dos Sinos,São Leopoldo
Metropolitana,1ª - Porto Alegre,Região 07 - Vale dos Sinos,Sapiranga
Metropolitana,1ª - Porto Alegre,Região 08 - Vale do Caí e Metropolitana,Barão
Metropolitana,1ª - Porto Alegre,Região 08 - Vale do Caí e Metropolitana,Brochier
Metropolitana,1ª - Porto Alegre,Região 08 - Vale do Caí e Metropolitana,Canoas
Metropolitana,1ª - Porto Alegre,Região 08 - Vale do Caí e Metropolitana,Capela de Santana
Metropolitana,1ª - Porto Alegre,Região 08 - Vale do Caí e Metropolitana,Esteio
Metropolitana,1ª - Porto Alegre,Região 08 - Vale do Caí e Metropolitana,Harmonia
Metropolitana,1ª - Porto Alegre,Região 08 - Vale do Caí e Metropolitana,Maratá
Metropolitana,1ª - Porto Alegre,Região 08 - Vale do Caí e Metropolitana,Montenegro
Metropolitana,1ª - Porto Alegre,Região 08 - Vale do Caí e Metropolitana,Nova Santa Rita
Metropolitana,1ª - Porto Alegre,Região 08 - Vale do Caí e Metropolitana,Pareci Novo
Metropolitana,1ª - Porto Alegre,Região 08 - Vale do Caí e Metropolitana,Salvador do Sul
Metropolitana,1ª - Porto Alegre,Região 08 - Vale do Caí e Metropolitana,São José do Sul
Metropolitana,1ª - Porto Alegre,Região 08 - Vale do Caí e Metropolitana,São Pedro da Serra
Metropolitana,1ª - Porto Alegre,Região 08 - Vale do Caí e Metropolitana,São Sebastião do Caí
Metropolitana,1ª - Porto Alegre,Região 08 - Vale do Caí e Metropolitana,Sapucaia do Sul
Metropolitana,1ª - Porto Alegre,Região 08 - Vale do Caí e Metropolitana,Tabaí
Metropolitana,1ª - Porto Alegre,Região 08 - Vale do Caí e Metropolitana,Triunfo
Metropolitana,1ª - Porto Alegre,Região 08 - Vale do Caí e Metropolitana,Tupandi
Metropolitana,1ª - Porto Alegre,Região 09 - Carbonífera/Costa Doce,Arambaré
Metropolitana,1ª - Porto Alegre,Região 09 - Carbonífera/Costa Doce,Arroio dos Ratos
Metropolitana,1ª - Porto Alegre,Região 09 - Carbonífera/Costa Doce,Barão do Triunfo
Metropolitana,1ª - Porto Alegre,Região 09 - Carbonífera/Costa Doce,Barra do Ribeiro
Metropolitana,1ª - Porto Alegre,Região 09 - Carbonífera/Costa Doce,Butiá
Metropolitana,1ª - Porto Alegre,Região 09 - Carbonífera/Costa Doce,Camaquã
Metropolitana,1ª - Porto Alegre,Região 09 - Carbonífera/Costa Doce,Cerro Grande do Sul
Metropolitana,1ª - Porto Alegre,Região 09 - Carbonífera/Costa Doce,Charqueadas
Metropolitana,1ª - Porto Alegre,Região 09 - Carbonífera/Costa Doce,Chuvisca
Metropolitana,1ª - Porto Alegre,Região 09 - Carbonífera/Costa Doce,Cristal
Metropolitana,1ª - Porto Alegre,Região 09 - Carbonífera/Costa Doce,Dom Feliciano
Metropolitana,1ª - Porto Alegre,Região 09 - Carbonífera/Costa Doce,Eldorado do Sul
Metropolitana,1ª - Porto Alegre,Região 09 - Carbonífera/Costa Doce,General Câmara
Metropolitana,1ª - Porto Alegre,Região 09 - Carbonífera/Costa Doce,Guaíba
Metropolitana,1ª - Porto Alegre,Região 09 - Carbonífera/Costa Doce,Mariana Pimentel
Metropolitana,1ª - Porto Alegre,Região 09 - Carbonífera/Costa Doce,Minas do Leão
Metropolitana,1ª - Porto Alegre,Região 09 - Carbonífera/Costa Doce,São Jerônimo
Metropolitana,1ª - Porto Alegre,Região 09 - Carbonífera/Costa Doce,Sentinela do Sul
Metropolitana,1ª - Porto Alegre,Região 09 - Carbonífera/Costa Doce,Sertão Santana
Metropolitana,1ª - Porto Alegre,Região 09 - Carbonífera/Costa Doce,Tapes
Metropolitana,1ª - Porto Alegre,Região 10 - Capital e Vale do Gravataí,Alvorada
Metropolitana,1ª - Porto Alegre,Região 10 - Capital e Vale do Gravataí,Cachoeirinha
Metropolitana,1ª - Porto Alegre,Região 10 - Capital e Vale do Gravataí,Glorinha
Metropolitana,1ª - Porto Alegre,Região 10 - Capital e Vale do Gravataí,Gravataí
Metropolitana,1ª - Porto Alegre,Região 10 - Capital e Vale do Gravataí,Porto Alegre
Metropolitana,1ª - Porto Alegre,Região 10 - Capital e Vale do Gravataí,Viamão
Missioneira,12ª - Santo Ângelo,Região 11 - Sete Povos das Missões,Bossoroca
Missioneira,12ª - Santo Ângelo,Região 11 - Sete Povos das Missões,Caibaté
Missioneira,12ª - Santo Ângelo,Região 11 - Sete Povos das Missões,Cerro Largo
Missioneira,12ª - Santo Ângelo,Região 11 - Sete Povos das Missões,Dezesseis de Novembro
Missioneira,12ª - Santo Ângelo,Região 11 - Sete Povos das Missões,Entre-Ijuís
Missioneira,12ª - Santo Ângelo,Região 11 - Sete Povos das Missões,Eugênio de Castro
Missioneira,12ª - Santo Ângelo,Região 11 - Sete Povos das Missões,Garruchos
Missioneira,12ª - Santo Ângelo,Região 11 - Sete Povos das Missões,Guarani das Missões
Missioneira,12ª - Santo Ângelo,Região 11 - Sete Povos das Missões,Mato Queimado
Missioneira,12ª - Santo Ângelo,Região 11 - Sete Povos das Missões,Pirapó
Missioneira,12ª - Santo Ângelo,Região 11 - Sete Povos das Missões,Porto Xavier
Missioneira,12ª - Santo Ângelo,Região 11 - Sete Povos das Missões,Rolador
Missioneira,12ª - Santo Ângelo,Região 11 - Sete Povos das Missões,Roque Gonzales
Missioneira,12ª - Santo Ângelo,Região 11 - Sete Povos das Missões,Salvador das Missões
Missioneira,12ª - Santo Ângelo,Região 11 - Sete Povos das Missões,Santo Ângelo
Missioneira,12ª - Santo Ângelo,Região 11 - Sete Povos das Missões,Santo Antônio das Missões
Missioneira,12ª - Santo Ângelo,Região 11 - Sete Povos das Missões,São Borja
Missioneira,12ª - Santo Ângelo,Região 11 - Sete Povos das Missões,São Luiz Gonzaga
Missioneira,12ª - Santo Ângelo,Região 11 - Sete Povos das Missões,São Miguel das Missões
Missioneira,12ª - Santo Ângelo,Região 11 - Sete Povos das Missões,São Nicolau
Missioneira,12ª - Santo Ângelo,Região 11 - Sete Povos das Missões,São Pedro do Butiá
Missioneira,12ª - Santo Ângelo,Região 11 - Sete Povos das Missões,Sete de Setembro
Missioneira,12ª - Santo Ângelo,Região 11 - Sete Povos das Missões,Ubiretama
Missioneira,12ª - Santo Ângelo,Região 11 - Sete Povos das Missões,Vitória das Missões
Missioneira,9ª - Cruz Alta,Região 12 - Portal das Missões,Boa Vista do Cadeado
Missioneira,9ª - Cruz Alta,Região 12 - Portal das Missões,Boa Vista do Incra
Missioneira,9ª - Cruz Alta,Região 12 - Portal das Missões,Colorado
Missioneira,9ª - Cruz Alta,Região 12 - Portal das Missões,Cruz Alta
Missioneira,9ª - Cruz Alta,Região 12 - Portal das Missões,Fortaleza dos Valos
Missioneira,9ª - Cruz Alta,Região 12 - Portal das Missões,Ibirubá
Missioneira,9ª - Cruz Alta,Região 12 - Portal das Missões,Jacuizinho
Missioneira,9ª - Cruz Alta,Região 12 - Portal das Missões,Quinze de Novembro
Missioneira,9ª - Cruz Alta,Região 12 - Portal das Missões,Saldanha Marinho
Missioneira,9ª - Cruz Alta,Região 12 - Portal das Missões,Salto do Jacuí
Missioneira,9ª - Cruz Alta,Região 12 - Portal das Missões,Santa Bárbara do Sul
Missioneira,9ª - Cruz Alta,Região 12 - Portal das Missões,Selbach
Missioneira,17ª - Ijuí,Região 13 - Diversidade,Ajuricaba
Missioneira,17ª - Ijuí,Região 13 - Diversidade,Augusto Pestana
Missioneira,17ª - Ijuí,Região 13 - Diversidade,Bozano
Missioneira,17ª - Ijuí,Região 13 - Diversidade,Campo Novo
Missioneira,17ª - Ijuí,Região 13 - Diversidade,Catuípe
Missioneira,17ª - Ijuí,Região 13 - Diversidade,Chiapetta
Missioneira,17ª - Ijuí,Região 13 - Diversidade,Condor
Missioneira,17ª - Ijuí,Região 13 - Diversidade,Coronel Barros
Missioneira,17ª - Ijuí,Região 13 - Diversidade,Crissiumal
Missioneira,17ª - Ijuí,Região 13 - Diversidade,Humaitá
Missioneira,17ª - Ijuí,Região 13 - Diversidade,Ijuí
Missioneira,17ª - Ijuí,Região 13 - Diversidade,Inhacorá
Missioneira,17ª - Ijuí,Região 13 - Diversidade,Jóia
Missioneira,17ª - Ijuí,Região 13 - Diversidade,Nova Ramada
Missioneira,17ª - Ijuí,Região 13 - Diversidade,Panambi
Missioneira,17ª - Ijuí,Região 13 - Diversidade,Pejuçara
Missioneira,17ª - Ijuí,Região 13 - Diversidade,Santo Augusto
Missioneira,17ª - Ijuí,Região 13 - Diversidade,São Martinho
Missioneira,17ª - Ijuí,Região 13 - Diversidade,São Valério do Sul
Missioneira,17ª - Ijuí,Região 13 - Diversidade,Sede Nova
Missioneira,14ª - Santa Rosa,Região 14 - Fronteira Noroeste,Alecrim
Missioneira,14ª - Santa Rosa,Região 14 - Fronteira Noroeste,Alegria
Missioneira,14ª - Santa Rosa,Região 14 - Fronteira Noroeste,Boa Vista do Buricá
Missioneira,14ª - Santa Rosa,Região 14 - Fronteira Noroeste,Campina das Missões
Missioneira,14ª - Santa Rosa,Região 14 - Fronteira Noroeste,Cândido Godói
Missioneira,14ª - Santa Rosa,Região 14 - Fronteira Noroeste,Doutor Maurício Cardoso
Missioneira,14ª - Santa Rosa,Região 14 - Fronteira Noroeste,Giruá
Missioneira,14ª - Santa Rosa,Região 14 - Fronteira Noroeste,Horizontina
Missioneira,14ª - Santa Rosa,Região 14 - Fronteira Noroeste,Independência
Missioneira,14ª - Santa Rosa,Região 14 - Fronteira Noroeste,Nova Candelária
Missioneira,14ª - Santa Rosa,Região 14 - Fronteira Noroeste,Novo Machado
Missioneira,14ª - Santa Rosa,Região 14 - Fronteira Noroeste,Porto Lucena
Missioneira,14ª - Santa Rosa,Região 14 - Fronteira Noroeste,Porto Mauá
Missioneira,14ª - Santa Rosa,Região 14 - Fronteira Noroeste,Porto Vera Cruz
Missioneira,14ª - Santa Rosa,Região 14 - Fronteira Noroeste,Santa Rosa
Missioneira,14ª - Santa Rosa,Região 14 - Fronteira Noroeste,Santo Cristo
Missioneira,14ª - Santa Rosa,Região 14 - Fronteira Noroeste,São José do Inhacorá
Missioneira,14ª - Santa Rosa,Região 14 - Fronteira Noroeste,São Paulo das Missões
Missioneira,14ª - Santa Rosa,Região 14 - Fronteira Noroeste,Senador Salgado Filho
Missioneira,14ª - Santa Rosa,Região 14 - Fronteira Noroeste,Três de Maio
Missioneira,14ª - Santa Rosa,Região 14 - Fronteira Noroeste,Tucunduva
Missioneira,14ª - Santa Rosa,Região 14 - Fronteira Noroeste,Tuparendi
Norte,2ª - Frederico Westphalen,Região 15 - Caminho das Águas,Alpestre
Norte,2ª - Frederico Westphalen,Região 15 - Caminho das Águas,Ametista do Sul
Norte,2ª - Frederico Westphalen,Região 15 - Caminho das Águas,Barra do Guarita
Norte,2ª - Frederico Westphalen,Região 15 - Caminho das Águas,Bom Progresso
Norte,2ª - Frederico Westphalen,Região 15 - Caminho das Águas,Caiçara
Norte,2ª - Frederico Westphalen,Região 15 - Caminho das Águas,Cristal do Sul
Norte,2ª - Frederico Westphalen,Região 15 - Caminho das Águas,Derrubadas
Norte,2ª - Frederico Westphalen,Região 15 - Caminho das Águas,Erval Seco
Norte,2ª - Frederico Westphalen,Região 15 - Caminho das Águas,Esperança do Sul
Norte,2ª - Frederico Westphalen,Região 15 - Caminho das Águas,Frederico Westphalen
Norte,2ª - Frederico Westphalen,Região 15 - Caminho das Águas,Iraí
Norte,2ª - Frederico Westphalen,Região 15 - Caminho das Águas,Liberato Salzano
Norte,2ª - Frederico Westphalen,Região 15 - Caminho das Águas,Novo Tiradentes
Norte,2ª - Frederico Westphalen,Região 15 - Caminho das Águas,Palmitinho
Norte,2ª - Frederico Westphalen,Região 15 - Caminho das Águas,Pinhal
Norte,2ª - Frederico Westphalen,Região 15 - Caminho das Águas,Pinheirinho do Vale
Norte,2ª - Frederico Westphalen,Região 15 - Caminho das Águas,Planalto
Norte,2ª - Frederico Westphalen,Região 15 - Caminho das Águas,Rodeio Bonito
Norte,2ª - Frederico Westphalen,Região 15 - Caminho das Águas,Seberi
Norte,2ª - Frederico Westphalen,Região 15 - Caminho das Águas,Taquaruçu do Sul
Norte,2ª - Frederico Westphalen,Região 15 - Caminho das Águas,Tenente Portela
Norte,2ª - Frederico Westphalen,Região 15 - Caminho das Águas,Tiradentes do Sul
Norte,2ª - Frederico Westphalen,Região 15 - Caminho das Águas,Três Passos
Norte,2ª - Frederico Westphalen,Região 15 - Caminho das Águas,Vicente Dutra
Norte,2ª - Frederico Westphalen,Região 15 - Caminho das Águas,Vista Alegre
Norte,2ª - Frederico Westphalen,Região 15 - Caminho das Águas,Vista Gaúcha
Norte,11ª - Erechim,Região 16 - Alto Uruguai Gaúcho,Aratiba
Norte,11ª - Erechim,Região 16 - Alto Uruguai Gaúcho,Áurea
Norte,11ª - Erechim,Região 16 - Alto Uruguai Gaúcho,Barão de Cotegipe
Norte,11ª - Erechim,Região 16 - Alto Uruguai Gaúcho,Barra do Rio Azul
Norte,11ª - Erechim,Região 16 - Alto Uruguai Gaúcho,Benjamin Constant do Sul
Norte,11ª - Erechim,Região 16 - Alto Uruguai Gaúcho,Campinas do Sul
Norte,11ª - Erechim,Região 16 - Alto Uruguai Gaúcho,Carlos Gomes
Norte,11ª - Erechim,Região 16 - Alto Uruguai Gaúcho,Centenário
Norte,11ª - Erechim,Região 16 - Alto Uruguai Gaúcho,Charrua
Norte,11ª - Erechim,Região 16 - Alto Uruguai Gaúcho,Cruzaltense
Norte,11ª - Erechim,Região 16 - Alto Uruguai Gaúcho,Entre Rios do Sul
Norte,11ª - Erechim,Região 16 - Alto Uruguai Gaúcho,Erebango
Norte,11ª - Erechim,Região 16 - Alto Uruguai Gaúcho,Erechim
Norte,11ª - Erechim,Região 16 - Alto Uruguai Gaúcho,Erval Grande
Norte,11ª - Erechim,Região 16 - Alto Uruguai Gaúcho,Estação
Norte,11ª - Erechim,Região 16 - Alto Uruguai Gaúcho,Faxinalzinho
Norte,11ª - Erechim,Região 16 - Alto Uruguai Gaúcho,Floriano Peixoto
Norte,11ª - Erechim,Região 16 - Alto Uruguai Gaúcho,Gaurama
Norte,11ª - Erechim,Região 16 - Alto Uruguai Gaúcho,Getúlio Vargas
Norte,11ª - Erechim,Região 16 - Alto Uruguai Gaúcho,Ipiranga do Sul
Norte,11ª - Erechim,Região 16 - Alto Uruguai Gaúcho,Itatiba do Sul
Norte,11ª - Erechim,Região 16 - Alto Uruguai Gaúcho,Jacutinga
Norte,11ª - Erechim,Região 16 - Alto Uruguai Gaúcho,Marcelino Ramos
Norte,11ª - Erechim,Região 16 - Alto Uruguai Gaúcho,Mariano Moro
Norte,11ª - Erechim,Região 16 - Alto Uruguai Gaúcho,Nonoai
Norte,11ª - Erechim,Região 16 - Alto Uruguai Gaúcho,Paulo Bento
Norte,11ª - Erechim,Região 16 - Alto Uruguai Gaúcho,Ponte Preta
Norte,11ª - Erechim,Região 16 - Alto Uruguai Gaúcho,Quatro Irmãos
Norte,11ª - Erechim,Região 16 - Alto Uruguai Gaúcho,Rio dos Índios
Norte,11ª - Erechim,Região 16 - Alto Uruguai Gaúcho,São Valentim
Norte,11ª - Erechim,Região 16 - Alto Uruguai Gaúcho,Severiano de Almeida
Norte,11ª - Erechim,Região 16 - Alto Uruguai Gaúcho,Três Arroios
Norte,11ª - Erechim,Região 16 - Alto Uruguai Gaúcho,Viadutos
Norte,6ª - Passo Fundo,Região 17 - Planalto,Almirante Tamandaré do Sul
Norte,6ª - Passo Fundo,Região 17 - Planalto,Camargo
Norte,6ª - Passo Fundo,Região 17 - Planalto,Carazinho
Norte,6ª - Passo Fundo,Região 17 - Planalto,Casca
Norte,6ª - Passo Fundo,Região 17 - Planalto,Ciríaco
Norte,6ª - Passo Fundo,Região 17 - Planalto,Coqueiros do Sul
Norte,6ª - Passo Fundo,Região 17 - Planalto,Coxilha
Norte,6ª - Passo Fundo,Região 17 - Planalto,David Canabarro
Norte,6ª - Passo Fundo,Região 17 - Planalto,Ernestina
Norte,6ª - Passo Fundo,Região 17 - Planalto,Gentil
Norte,6ª - Passo Fundo,Região 17 - Planalto,Lagoa dos Três Cantos
Norte,6ª - Passo Fundo,Região 17 - Planalto,Marau
Norte,6ª - Passo Fundo,Região 17 - Planalto,Mato Castelhano
Norte,6ª - Passo Fundo,Região 17 - Planalto,Montauri
Norte,6ª - Passo Fundo,Região 17 - Planalto,Muliterno
Norte,6ª - Passo Fundo,Região 17 - Planalto,Não-Me-Toque
Norte,6ª - Passo Fundo,Região 17 - Planalto,Nicolau Vergueiro
Norte,6ª - Passo Fundo,Região 17 - Planalto,Nova Alvorada
Norte,6ª - Passo Fundo,Região 17 - Planalto,Passo Fundo
Norte,6ª - Passo Fundo,Região 17 - Planalto,Pontão
Norte,6ª - Passo Fundo,Região 17 - Planalto,Santo Antônio do Palma
Norte,6ª - Passo Fundo,Região 17 - Planalto,Santo Antônio do Planalto
Norte,6ª - Passo Fundo,Região 17 - Planalto,São Domingos do Sul
Norte,6ª - Passo Fundo,Região 17 - Planalto,Serafina Corrêa
Norte,6ª - Passo Fundo,Região 17 - Planalto,Sertão
Norte,6ª - Passo Fundo,Região 17 - Planalto,Vanini
Norte,6ª - Passo Fundo,Região 17 - Planalto,Victor Graeff
Norte,6ª - Passo Fundo,Região 17 - Planalto,Vila Maria
Norte,6ª - Passo Fundo,Região 18 - Araucárias,Água Santa
Norte,6ª - Passo Fundo,Região 18 - Araucárias,André da Rocha
Norte,6ª - Passo Fundo,Região 18 - Araucárias,Barracão
Norte,6ª - Passo Fundo,Região 18 - Araucárias,Cacique Doble
Norte,6ª - Passo Fundo,Região 18 - Araucárias,Capão Bonito do Sul
Norte,6ª - Passo Fundo,Região 18 - Araucárias,Caseiros
Norte,6ª - Passo Fundo,Região 18 - Araucárias,Ibiaçá
Norte,6ª - Passo Fundo,Região 18 - Araucárias,Ibiraiaras
Norte,6ª - Passo Fundo,Região 18 - Araucárias,Lagoa Vermelha
Norte,6ª - Passo Fundo,Região 18 - Araucárias,Machadinho
Norte,6ª - Passo Fundo,Região 18 - Araucárias,Maximiliano de Almeida
Norte,6ª - Passo Fundo,Região 18 - Araucárias,Paim Filho
Norte,6ª - Passo Fundo,Região 18 - Araucárias,Sananduva
Norte,6ª - Passo Fundo,Região 18 - Araucárias,Santa Cecília do Sul
Norte,6ª - Passo Fundo,Região 18 - Araucárias,Santo Expedito do Sul
Norte,6ª - Passo Fundo,Região 18 - Araucárias,São João da Urtiga
Norte,6ª - Passo Fundo,Região 18 - Araucárias,São José do Ouro
Norte,6ª - Passo Fundo,Região 18 - Araucárias,Tapejara
Norte,6ª - Passo Fundo,Região 18 - Araucárias,Tupanci do Sul
Norte,6ª - Passo Fundo,Região 18 - Araucárias,Vila Lângaro
Norte,6ª - Passo Fundo,Região 19 - Botucaraí,Alto Alegre
Norte,6ª - Passo Fundo,Região 19 - Botucaraí,Arvorezinha
Norte,6ª - Passo Fundo,Região 19 - Botucaraí,Barros Cassal
Norte,6ª - Passo Fundo,Região 19 - Botucaraí,Campos Borges
Norte,6ª - Passo Fundo,Região 19 - Botucaraí,Espumoso
Norte,6ª - Passo Fundo,Região 19 - Botucaraí,Fontoura Xavier
Norte,6ª - Passo Fundo,Região 19 - Botucaraí,Ibirapuitã
Norte,6ª - Passo Fundo,Região 19 - Botucaraí,Itapuca
Norte,6ª - Passo Fundo,Região 19 - Botucaraí,Lagoão
Norte,6ª - Passo Fundo,Região 19 - Botucaraí,Mormaço
Norte,6ª - Passo Fundo,Região 19 - Botucaraí,Soledade
Norte,6ª - Passo Fundo,Região 19 - Botucaraí,Tapera
Norte,6ª - Passo Fundo,Região 19 - Botucaraí,Tio Hugo
Norte,6ª - Passo Fundo,Região 19 - Botucaraí,Tunas
Norte,15ª - Palmeira das Missões,Região 20 - Rota da Produção,Barra Funda
Norte,15ª - Palmeira das Missões,Região 20 - Rota da Produção,Boa Vista das Missões
Norte,15ª - Palmeira das Missões,Região 20 - Rota da Produção,Braga
Norte,15ª - Palmeira das Missões,Região 20 - Rota da Produção,Cerro Grande
Norte,15ª - Palmeira das Missões,Região 20 - Rota da Produção,Chapada
Norte,15ª - Palmeira das Missões,Região 20 - Rota da Produção,Constantina
Norte,15ª - Palmeira das Missões,Região 20 - Rota da Produção,Coronel Bicaco
Norte,15ª - Palmeira das Missões,Região 20 - Rota da Produção,Dois Irmãos das Missões
Norte,15ª - Palmeira das Missões,Região 20 - Rota da Produção,Engenho Velho
Norte,15ª - Palmeira das Missões,Região 20 - Rota da Produção,Gramado dos Loureiros
Norte,15ª - Palmeira das Missões,Região 20 - Rota da Produção,Jaboticaba
Norte,15ª - Palmeira das Missões,Região 20 - Rota da Produção,Lajeado do Bugre
Norte,15ª - Palmeira das Missões,Região 20 - Rota da Produção,Miraguaí
Norte,15ª - Palmeira das Missões,Região 20 - Rota da Produção,Nova Boa Vista
Norte,15ª - Palmeira das Missões,Região 20 - Rota da Produção,Novo Barreiro
Norte,15ª - Palmeira das Missões,Região 20 - Rota da Produção,Novo Xingu
Norte,15ª - Palmeira das Missões,Região 20 - Rota da Produção,Palmeira das Missões
Norte,15ª - Palmeira das Missões,Região 20 - Rota da Produção,Redentora
Norte,15ª - Palmeira das Missões,Região 20 - Rota da Produção,Ronda Alta
Norte,15ª - Palmeira das Missões,Região 20 - Rota da Produção,Rondinha
Norte,15ª - Palmeira das Missões,Região 20 - Rota da Produção,Sagrada Família
Norte,15ª - Palmeira das Missões,Região 20 - Rota da Produção,São José das Missões
Norte,15ª - Palmeira das Missões,Região 20 - Rota da Produção,São Pedro das Missões
Norte,15ª - Palmeira das Missões,Região 20 - Rota da Produção,Sarandi
Norte,15ª - Palmeira das Missões,Região 20 - Rota da Produção,Três Palmeiras
Norte,15ª - Palmeira das Missões,Região 20 - Rota da Produção,Trindade do Sul
Sul,3ª - Pelotas,Região 21 - Sul,Amaral Ferrador
Sul,3ª - Pelotas,Região 21 - Sul,Arroio do Padre
Sul,3ª - Pelotas,Região 21 - Sul,Arroio Grande
Sul,3ª - Pelotas,Região 21 - Sul,Canguçu
Sul,3ª - Pelotas,Região 21 - Sul,Capão do Leão
Sul,3ª - Pelotas,Região 21 - Sul,Cerrito
Sul,3ª - Pelotas,Região 21 - Sul,Chuí
Sul,3ª - Pelotas,Região 21 - Sul,Herval
Sul,3ª - Pelotas,Região 21 - Sul,Jaguarão
Sul,3ª - Pelotas,Região 21 - Sul,Morro Redondo
Sul,3ª - Pelotas,Região 21 - Sul,Pedras Altas
Sul,3ª - Pelotas,Região 21 - Sul,Pedro Osório
Sul,3ª - Pelotas,Região 21 - Sul,Pelotas
Sul,3ª - Pelotas,Região 21 - Sul,Pinheiro Machado
Sul,3ª - Pelotas,Região 21 - Sul,Piratini
Sul,3ª - Pelotas,Região 21 - Sul,Rio Grande
Sul,3ª - Pelotas,Região 21 - Sul,Santa Vitória do Palmar
Sul,3ª - Pelotas,Região 21 - Sul,Santana da Boa Vista
Sul,3ª - Pelotas,Região 21 - Sul,São José do Norte
Sul,3ª - Pelotas,Região 21 - Sul,São Lourenço do Sul
Sul,3ª - Pelotas,Região 21 - Sul,Turuçu
Sul,7ª - Bagé,Região 22 - Pampa,Aceguá
Sul,7ª - Bagé,Região 22 - Pampa,Bagé
Sul,7ª - Bagé,Região 22 - Pampa,Candiota
Sul,7ª - Bagé,Região 22 - Pampa,Dom Pedrito
Sul,7ª - Bagé,Região 22 - Pampa,Hulha Negra
Sul,7ª - Bagé,Região 22 - Pampa,Lavras do Sul
Serra,5ª - Caxias do Sul,Região 23 - Caxias e Hortênsias,Canela
Serra,5ª - Caxias do Sul,Região 23 - Caxias e Hortênsias,Caxias do Sul
Serra,5ª - Caxias do Sul,Região 23 - Caxias e Hortênsias,Gramado
Serra,5ª - Caxias do Sul,Região 23 - Caxias e Hortênsias,Linha Nova
Serra,5ª - Caxias do Sul,Região 23 - Caxias e Hortênsias,Nova Petrópolis
Serra,5ª - Caxias do Sul,Região 23 - Caxias e Hortênsias,Picada Café
Serra,5ª - Caxias do Sul,Região 24 - Campos de Cima da Serra,Bom Jesus
Serra,5ª - Caxias do Sul,Região 24 - Campos de Cima da Serra,Campestre da Serra
Serra,5ª - Caxias do Sul,Região 24 - Campos de Cima da Serra,Esmeralda
Serra,5ª - Caxias do Sul,Região 24 - Campos de Cima da Serra,Jaquirana
Serra,5ª - Caxias do Sul,Região 24 - Campos de Cima da Serra,Monte Alegre dos Campos
Serra,5ª - Caxias do Sul,Região 24 - Campos de Cima da Serra,Muitos Capões
Serra,5ª - Caxias do Sul,Região 24 - Campos de Cima da Serra,Pinhal da Serra
Serra,5ª - Caxias do Sul,Região 24 - Campos de Cima da Serra,São José dos Ausentes
Serra,5ª - Caxias do Sul,Região 24 - Campos de Cima da Serra,Vacaria
Serra,5ª - Caxias do Sul,Região 25 - Vinhedos e Basalto,Bento Gonçalves
Serra,5ª - Caxias do Sul,Região 25 - Vinhedos e Basalto,Boa Vista do Sul
Serra,5ª - Caxias do Sul,Região 25 - Vinhedos e Basalto,Carlos Barbosa
Serra,5ª - Caxias do Sul,Região 25 - Vinhedos e Basalto,Coronel Pilar
Serra,5ª - Caxias do Sul,Região 25 - Vinhedos e Basalto,Cotiporã
Serra,5ª - Caxias do Sul,Região 25 - Vinhedos e Basalto,Fagundes Varela
Serra,5ª - Caxias do Sul,Região 25 - Vinhedos e Basalto,Garibaldi
Serra,5ª - Caxias do Sul,Região 25 - Vinhedos e Basalto,Guabiju
Serra,5ª - Caxias do Sul,Região 25 - Vinhedos e Basalto,Guaporé
Serra,5ª - Caxias do Sul,Região 25 - Vinhedos e Basalto,Monte Belo do Sul
Serra,5ª - Caxias do Sul,Região 25 - Vinhedos e Basalto,Nova Araçá
Serra,5ª - Caxias do Sul,Região 25 - Vinhedos e Basalto,Nova Bassano
Serra,5ª - Caxias do Sul,Região 25 - Vinhedos e Basalto,Nova Prata
Serra,5ª - Caxias do Sul,Região 25 - Vinhedos e Basalto,Paraí
Serra,5ª - Caxias do Sul,Região 25 - Vinhedos e Basalto,Pinto Bandeira
Serra,5ª - Caxias do Sul,Região 25 - Vinhedos e Basalto,Protásio Alves
Serra,5ª - Caxias do Sul,Região 25 - Vinhedos e Basalto,Santa Tereza
Serra,5ª - Caxias do Sul,Região 25 - Vinhedos e Basalto,São Jorge
Serra,5ª - Caxias do Sul,Região 25 - Vinhedos e Basalto,União da Serra
Serra,5ª - Caxias do Sul,Região 25 - Vinhedos e Basalto,Veranópolis
Serra,5ª - Caxias do Sul,Região 25 - Vinhedos e Basalto,Vila Flores
Serra,5ª - Caxias do Sul,Região 25 - Vinhedos e Basalto,Vista Alegre do Prata
Serra,5ª - Caxias do Sul,Região 26 - Uva Vale,Alto Feliz
Serra,5ª - Caxias do Sul,Região 26 - Uva Vale,Antônio Prado
Serra,5ª - Caxias do Sul,Região 26 - Uva Vale,Bom Princípio
Serra,5ª - Caxias do Sul,Região 26 - Uva Vale,Farroupilha
Serra,5ª - Caxias do Sul,Região 26 - Uva Vale,Feliz
Serra,5ª - Caxias do Sul,Região 26 - Uva Vale,Flores da Cunha
Serra,5ª - Caxias do Sul,Região 26 - Uva Vale,Ipê
Serra,5ª - Caxias do Sul,Região 26 - Uva Vale,Nova Pádua
Serra,5ª - Caxias do Sul,Região 26 - Uva Vale,Nova Roma do Sul
Serra,5ª - Caxias do Sul,Região 26 - Uva Vale,São Marcos
Serra,5ª - Caxias do Sul,Região 26 - Uva Vale,São Vendelino
Serra,5ª - Caxias do Sul,Região 26 - Uva Vale,Vale Real
Vales,8ª - Cachoeira do Sul,Região 27 - Jacuí Centro,Arroio do Tigre
Vales,8ª - Cachoeira do Sul,Região 27 - Jacuí Centro,Caçapava do Sul
Vales,8ª - Cachoeira do Sul,Região 27 - Jacuí Centro,Cachoeira do Sul
Vales,8ª - Cachoeira do Sul,Região 27 - Jacuí Centro,Cerro Branco
Vales,8ª - Cachoeira do Sul,Região 27 - Jacuí Centro,Encruzilhada do Sul
Vales,8ª - Cachoeira do Sul,Região 27 - Jacuí Centro,Estrela Velha
Vales,8ª - Cachoeira do Sul,Região 27 - Jacuí Centro,Ibarama
Vales,8ª - Cachoeira do Sul,Região 27 - Jacuí Centro,Lagoa Bonita do Sul
Vales,8ª - Cachoeira do Sul,Região 27 - Jacuí Centro,Novo Cabrais
Vales,8ª - Cachoeira do Sul,Região 27 - Jacuí Centro,Passa Sete
Vales,8ª - Cachoeira do Sul,Região 27 - Jacuí Centro,Segredo
Vales,8ª - Cachoeira do Sul,Região 27 - Jacuí Centro,Sobradinho
Vales,13ª - Santa Cruz do Sul,Região 28 - Vale do Rio Pardo,Candelária
Vales,13ª - Santa Cruz do Sul,Região 28 - Vale do Rio Pardo,Gramado Xavier
Vales,13ª - Santa Cruz do Sul,Região 28 - Vale do Rio Pardo,Herveiras
Vales,13ª - Santa Cruz do Sul,Região 28 - Vale do Rio Pardo,Mato Leitão
Vales,13ª - Santa Cruz do Sul,Região 28 - Vale do Rio Pardo,Pantano Grande
Vales,13ª - Santa Cruz do Sul,Região 28 - Vale do Rio Pardo,Passo do Sobrado
Vales,13ª - Santa Cruz do Sul,Região 28 - Vale do Rio Pardo,Rio Pardo
Vales,13ª - Santa Cruz do Sul,Região 28 - Vale do Rio Pardo,Santa Cruz do Sul
Vales,13ª - Santa Cruz do Sul,Região 28 - Vale do Rio Pardo,Sinimbu
Vales,13ª - Santa Cruz do Sul,Região 28 - Vale do Rio Pardo,Vale do Sol
Vales,13ª - Santa Cruz do Sul,Região 28 - Vale do Rio Pardo,Vale Verde
Vales,13ª - Santa Cruz do Sul,Região 28 - Vale do Rio Pardo,Venâncio Aires
Vales,13ª - Santa Cruz do Sul,Região 28 - Vale do Rio Pardo,Vera Cruz
Vales,16ª - Lajeado,Região 29 - Vales e Montanhas,Anta Gorda
Vales,16ª - Lajeado,Região 29 - Vales e Montanhas,Arroio do Meio
Vales,16ª - Lajeado,Região 29 - Vales e Montanhas,Boqueirão do Leão
Vales,16ª - Lajeado,Região 29 - Vales e Montanhas,Canudos do Vale
Vales,16ª - Lajeado,Região 29 - Vales e Montanhas,Capitão
Vales,16ª - Lajeado,Região 29 - Vales e Montanhas,Coqueiro Baixo
Vales,16ª - Lajeado,Região 29 - Vales e Montanhas,Cruzeiro do Sul
Vales,16ª - Lajeado,Região 29 - Vales e Montanhas,Dois Lajeados
Vales,16ª - Lajeado,Região 29 - Vales e Montanhas,Doutor Ricardo
Vales,16ª - Lajeado,Região 29 - Vales e Montanhas,Encantado
Vales,16ª - Lajeado,Região 29 - Vales e Montanhas,Forquetinha
Vales,16ª - Lajeado,Região 29 - Vales e Montanhas,Ilópolis
Vales,16ª - Lajeado,Região 29 - Vales e Montanhas,Lajeado
Vales,16ª - Lajeado,Região 29 - Vales e Montanhas,Marques de Souza
Vales,16ª - Lajeado,Região 29 - Vales e Montanhas,Muçum
Vales,16ª - Lajeado,Região 29 - Vales e Montanhas,Nova Bréscia
Vales,16ª - Lajeado,Região 29 - Vales e Montanhas,Pouso Novo
Vales,16ª - Lajeado,Região 29 - Vales e Montanhas,Progresso
Vales,16ª - Lajeado,Região 29 - Vales e Montanhas,Putinga
Vales,16ª - Lajeado,Região 29 - Vales e Montanhas,Relvado
Vales,16ª - Lajeado,Região 29 - Vales e Montanhas,Roca Sales
Vales,16ª - Lajeado,Região 29 - Vales e Montanhas,Santa Clara do Sul
Vales,16ª - Lajeado,Região 29 - Vales e Montanhas,São José do Herval
Vales,16ª - Lajeado,Região 29 - Vales e Montanhas,São Valentim do Sul
Vales,16ª - Lajeado,Região 29 - Vales e Montanhas,Sério
Vales,16ª - Lajeado,Região 29 - Vales e Montanhas,Travesseiro
Vales,16ª - Lajeado,Região 29 - Vales e Montanhas,Vespasiano Correa
Vales,16ª - Lajeado,Região 30 - Vale da Luz,Bom Retiro do Sul
Vales,16ª - Lajeado,Região 30 - Vale da Luz,Colinas
Vales,16ª - Lajeado,Região 30 - Vale da Luz,Estrela
Vales,16ª - Lajeado,Região 30 - Vale da Luz,Fazenda Vilanova
Vales,16ª - Lajeado,Região 30 - Vale da Luz,Imigrante
Vales,16ª - Lajeado,Região 30 - Vale da Luz,Paverama
Vales,16ª - Lajeado,Região 30 - Vale da Luz,Poço das Antas
Vales,16ª - Lajeado,Região 30 - Vale da Luz,Taquari
Vales,16ª - Lajeado,Região 30 - Vale da Luz,Teutônia
Vales,16ª - Lajeado,Região 30 - Vale da Luz,Westfalia
